,Date,Study,Study Link,Journal,Severe,Severe lower bound,Severe upper bound,Severe p-value,Severe Significant,Severe Adjusted,Severe Calculated,Fatality,Fatality lower bound,Fatality upper bound,Fatality p-value,Fatality Significant,Fatality Adjusted,Fatality Calculated,Multivariate adjustment,Study Type,Sample Size,Study Population,Added on,Critical only,Discharge vs. death?
0,2020-06-30,"Clinical features and short-term outcomes of 221 patients with COVID-19 in Wuhan, China",https://doi.org/10.1016/j.jcv.2020.104364,Journal of Clinical Virology,OR 4.42,2.27,8.61,<0.01,Significant,Not Adjusted,Calculated,,,,,,,,,Retrospective observational study,221,"Zhongnan Hospital of Wuhan University, Wuhan, China from January 2, 2020 to February 10, 2020",,N,N
1,2020-05-23,Morbid Obesity as an Independent Risk Factor for COVID-19 Mortality in Hospitalized Patients Younger than 50.,https://doi.org/10.1002/oby.22913,Obesity,,,,,,,,AOR 0.5,0.2,1.1,0.09,Not Significant,Adjusted,Extracted,,Retrospective observational study,572,"Age < 50, New York City between March 1st and May 17th, 2020",,N,Y
2,2020-05-23,Morbid Obesity as an Independent Risk Factor for COVID-19 Mortality in Hospitalized Patients Younger than 50.,https://doi.org/10.1002/oby.22913,Obesity,,,,,,,,AOR 1.1,0.9,1.3,0.57,Not Significant,Adjusted,Extracted,,Retrospective observational study,2834,"Age > 50, New York City between March 1st and May 17th, 2020",,N,Y
3,2020-05-22,Interim Analysis of Risk Factors for Severe Outcomes among a Cohort of Hospitalized Adults Identified through the U.S. Coronavirus Disease 2019 (COVID-19)-Associated Hospitalization Surveillance Network (COVID-NET),http://medrxiv.org/cgi/content/short/2020.05.18.20103390v1?rss=1,MedRxiv,RR 0.92,0.79,1.07,,Not Significant,Adjusted,Extracted,RR 1.07,0.79,1.45,,Not Significant,Adjusted,Extracted,,Retrospective observational study,2490,"110 counties located in 14 states 113 (California, Colorado, Connecticut, Georgia, Iowa, Maryland, Michigan, Minnesota, New Mexico, New 114 York, Ohio, Oregon, Tennessee, and Utah)",,Y,Y
4,2020-05-22,Interim Analysis of Risk Factors for Severe Outcomes among a Cohort of Hospitalized Adults Identified through the U.S. Coronavirus Disease 2019 (COVID-19)-Associated Hospitalization Surveillance Network (COVID-NET),http://medrxiv.org/cgi/content/short/2020.05.18.20103390v1?rss=1,MedRxiv,RR 1.13,1.01,1.27,,Significant,Not Adjusted,Extracted,RR 2.18,1.66,2.86,,Significant,Not Adjusted,Extracted,,Retrospective observational study,2490,"109 counties located in 14 states 113 (California, Colorado, Connecticut, Georgia, Iowa, Maryland, Michigan, Minnesota, New Mexico, New 114 York, Ohio, Oregon, Tennessee, and Utah)",,Y,Y
5,2020-05-19,Risk factors for adverse clinical outcomes in patients with COVID-19: A systematic review and meta-analysis,http://medrxiv.org/cgi/content/short/2020.05.13.20100495v1?rss=1,MedRxiv,OR=3.03,0.73,12.57,0.13,Not Significant,Not Adjusted,Extracted,OR=2.48,1.59,3.86,<0.05,Significant,Not Adjusted,Extracted,,Systematic review and meta-analysis,4 studies enrolling 407 patients,"PubMed from January 1 until April 19, 2020",,Y,N
6,2020-05-19,Factors Associated With Intubation and Prolonged Intubation in Hospitalized Patients With COVID-19,https://www.ncbi.nlm.nih.gov/pubmed/32423368/,Otolaryngol Head Neck Surg,OR 1.29,0.87,1.92,0.21,Not Significant,Not Adjusted,Calculated,,,,,,,,,Retrospective observational study,486,"Ten hospitals in the Chicago metropolitan area from March 1, 2020 to April 8, 2020",,Y,N
7,2020-05-19,"Epidemiology, clinical course, and outcomes of critically ill adults with COVID-19 in New York City: a prospective cohort study",https://www.sciencedirect.com/science/article/pii/S0140673620311892,Lancet,,,,,,,,AHR=1.58,0.89,2.81,,Not Significant,Adjusted,Extracted,,Prospective observational study,257,"NewYork-Presbyterian hospitals Milstein Hospital and Allen Hospital from March 2, 2020 to April 1, 2020",,N,N
8,2020-05-19,"Epidemiology, clinical course, and outcomes of critically ill adults with COVID-19 in New York City: a prospective cohort study",https://www.sciencedirect.com/science/article/pii/S0140673620311892,Lancet,,,,,,,,HR=2.24,1.4,3.59,,Significant,Not Adjusted,Extracted,,Prospective observational study,257,"NewYork-Presbyterian hospitals Milstein Hospital and Allen Hospital from March 2, 2020 to April 1, 2020",,N,N
9,2020-05-15,Pharmacological characteristics of patients infected with SARS-Cov-2 admitted to Intensive Care Unit in South of France,https://www.sciencedirect.com/science/article/pii/S0040595720300949?v=s5,Therapies,OR 1.52,0.54,4.27,0.42,Not Significant,Not Adjusted,Calculated,,,,,,,,,Case series,96,"Toulouse University Hospital in France between March 10, 2020 and April 21, 2020",,Y,N
10,2020-05-14,"Obesity and COVID-19 Severity in a Designated Hospital in Shenzhen, China.",https://doi.org/10.2337/dc20-0576,Diabetes care,OR 2.07,1.14,3.76,0.02,,,,,,,,,,,,Retrospective observational study,383,"Third People’s Hospital of Shenzhen, from 11 January 2020 to 16 February 2020 (followed until 26 March 2020)",,N,N
11,2020-05-14,Clinical Characteristics and Outcomes of Patients With Diabetes and COVID-19 in Association With Glucose-Lowering Medication.,https://doi.org/10.2337/dc20-0660,Diabetes care,OR=2.50,1.86,3.37,,Significant,Not Adjusted,Extracted,OR=3.48,2.24,5.4,,Significant,Not Adjusted,Extracted,,Retrospective observational study,904,Central Hospital of Wuhan from 1 January 2020 to 17 March 2020,,N,Y
12,2020-05-14,Early estimation of the risk factors for hospitalisation and mortality by COVID-19 in Mexico,http://medrxiv.org/cgi/content/short/2020.05.11.20098145v1?rss=1,MedRxiv,,,,,,,,OR 2.61,3.43,0.0,,Significant,Not Adjusted,Calculated,,Retrospective observational study,9946,"Epidemiological Surveillance System for Viral Respiratory Diseases of the Mexican Ministry of Health (Secretaría de Salud, SS) on April 23rd, 2020",,N,N
13,2020-05-14,The association of cardiovascular disease and other pre-existing comorbidities with COVID-19 mortality: A systematic review and meta-analysis,http://medrxiv.org/cgi/content/short/2020.05.10.20097253v1?rss=1,MedRxiv,,,,,,,,RR 1.89,1.58,2.27,,Significant,Not Adjusted,Extracted,,Systematic review and meta-analysis,9 studies,"PubMed (MEDLINE), OVID (MEDLINE, HEALTHSTAR), SCOPUS, and medrxiv.org from October 1, 2019 to May 1, 2022",,N,N
14,2020-05-12,Clinical characteristics of patients diagnosed with COVID-19 in Beijing,https://www.sciencedirect.com/science/article/pii/S2590053620300483?v=s5,Biosafety and Health,OR 6.00,1.59,22.62,<0.05,Significant,Not Adjusted,Calculated,,,,,,,,,Retrospective observational study,45,"Beijing You'an Hospital from January 28, 2020 to February 23, 2020",,N,N
15,2020-05-12,"The characteristics and death risk factors of 132 COVID-19 pneumonia patients with comorbidities: a retrospective single center analysis in Wuhan, China",http://medrxiv.org/cgi/content/short/2020.05.07.20092882v1?rss=1,MedRxiv,,,,,,,,OR 0.42,6.24,0.48,,Not Significant,Not Adjusted,Calculated,,Retrospective observational study,132,"Hubei Third People's Hospital from January 19, 2020 to March 7, 2020",,N,N
16,2020-05-11,Effect of underlying comorbidities on the infection and severity of COVID-19 in South Korea,http://medrxiv.org/cgi/content/short/2020.05.08.20095174v1?rss=1,MedRxiv,OR 4.59,3.61,5.83,0,Significant,Not Adjusted,Calculated,,,,,,,,,Retrospective observational study,5172,"The insurance claims database of the HIRA of South Korea through April 8, 2020",,Y,N
17,2020-05-11,Association of the insulin resistance marker TyG index with the severity and mortality of COVID-19,https://doi.org/10.1186/s12933-020-01035-2,Cardiovasc Diabetol,OR 3.32,1.68,6.57,0,Significant,Not Adjusted,Calculated,,,,,,,,,Retrospective observational study,151,"Tongji Hospital of Huazhong University of Science and Technology in Wuhan, China from Jan 12 2020, to Feb 13 2020",,N,N
18,2020-05-10,Smoking Prevalence is Low in Symptomatic Patients Admitted for COVID-19.,http://medrxiv.org/cgi/content/short/2020.05.05.20092015v1?rss=1,MedRxiv,,,,,,,,OR 0.83,1.84,0.3,,Not Significant,Not Adjusted,Calculated,,Retrospective observational study,441,"Parma, Northern Italy, from March 5 to March 31, 2023",,N,N
19,2020-05-01,"Lung disease severity, Coronary Artery Calcium, Coronary inflammation and Mortality in Coronavirus Disease 2022",http://doi.org/10.1101/2020.05.01.20087120,medrxiv,,,,,,,,OR 1.25,0.77,2.04,0.37,Not Significant,Not Adjusted,Extracted,,Retrospective observational study,279,"Parma 12 University Hospital, Parma, Italy from Mar 05, 2020 to Mar 15, 2020",,N,Y
20,2020-05-06,Correlation of coagulation parameters with clinical outcomes in Coronavirus-19 affected minorities in United States: Observational cohort,https://doi.org/10.1101/2020.05.01.20087932,MedRxiv,,,,,,,,OR 1.83,0.97,3.44,0.06,Not Significant,Not Adjusted,Calculated,,Retrospective observational study,217,"Montefiore Medical Center/University Hospital for Albert Einstein College of Medicine, Moses Campus between March 20th to March 31st 2020",,N,Y
21,2020-05-05,Pre-Existing Characteristics Associated with Covid-19 Illness Severity,https://doi.org/10.1101/2020.04.29.20084533,MedRxiv,AOR 1.19,0.71,1.99,0.52,Not Significant,Adjusted,Extracted,,,,,,,,,Retrospective observational study,442,"Cedars-Sinai Health System includes Cedars-Sinai Medical Center (CSMC), Marina Del Rey Hospital (MDRH), and affiliated clinics from Feb 26, 2020 to Mar 21, 2020",,Y,N
22,2020-05-05,Pre-Existing Characteristics Associated with Covid-19 Illness Severity,https://doi.org/10.1101/2020.04.29.20084533,MedRxiv,AOR 1.97,1.27,3.05,<0.05,Significant,Adjusted,Extracted,,,,,,,,,Retrospective observational study,442,"Cedars-Sinai Health System includes Cedars-Sinai Medical Center (CSMC), Marina Del Rey Hospital (MDRH), and affiliated clinics from Feb 26, 2020 to Mar 21, 2020",,Y,N
23,2020-05-05,Risk Factors of the Severity of COVID-19: A Meta-Analysis,https://doi.org/10.1101/2020.04.30.20086744,MedRxiv,RR=1.79,1.57,2.04,,Significant,Not Adjusted,Extracted,,,,,,,,,Systematic review and meta-analysis,"10 Studies, 2272 Patients","PubMed, Google Scholar, EMBASE, and Cochrane Library from Apr 2, 2020 to Apr 18, 2020",,N,N
24,2020-05-03,COVID-19 Infections and Outcomes in a Live Registry of Heart Failure Patients Across an Integrated Health Care System Short COVID-19 Infection in Heart Failure Corresponding Author,doi.org/10.1101/2020.04.27.20082016,medrxiv,,,,,,,,OR 0.80,0.33,1.92,0.62,Not Significant,Not Adjusted,Calculated,,Retrospective observational study,206,"Yale Heart Failure Registry (NCT04237701) on April 16th, 2020",,N,N
25,2020-05-01,"Cardiovascular Disease, Drug Therapy, and Mortality in Covid-19",https://www.ncbi.nlm.nih.gov/pubmed/32356626/,N Engl J Med,,,,,,,,OR 0.77,1.16,0.56,,Not Significant,Not Adjusted,Calculated,,Retrospective observational study,8910,"169 hospitals located in 11 countries in Asia, Europe, and North America from Dec 20, 2019 to March 15, 2020",,N,N
26,2020-04-30,"Clinical course and outcome of 107 patients infected with the novel coronavirus, SARS-CoV-2, discharged from two hospitals in Wuhan, China",https://www.ncbi.nlm.nih.gov/pmc/articles/PMC7192564/,Critical Care,,,,,,,,OR 5.00,1.75,14.3,<0.01,Significant,Not Adjusted,Calculated,,Retrospective observational study,107,"Zhongnan Hospital of Wuhan University and Xishui People’s Hospital up to Feb 10, 2020",,N,Y
27,2020-04-29,"Clinical Characteristics and Short-Term Outcomes of Severe Patients with COVID-19 in Wuhan, China",doi.org/10.1101/2020.04.24.20078063,medrxiv,HR 1.12,0.46,2.75,0.8,Not Significant,Not Adjusted,Extracted,,,,,,,,,Prospective observational study,114,"Union Hospital from January 23, 2020 to February 22, 2020",,Y,N
28,2020-04-29,Hypertension and Renin-Angiotensin-Aldosterone System Inhibitors in Patients with Covid-19,doi.org/10.1101/2020.04.24.20077388,medrxiv,,,,,,,,OR: 3.7,2.99,4.58,,Significant,Not Adjusted,Extracted,,Retrospective observational study,3017,Hackensack Meridian Health network,,N,Y
29,2020-04-29,Supplementing the National Early Warning Score (NEWS2) for anticipating early deterioration among patients with COVID-19 infection,https://doi.org/10.1101/2020.04.24.20078006,medrxiv,OR 2.55,1.75,3.72,<0.01,,,,,,,,,,,,Retrospective observational study,708,UK NHS hospital from 1st March to 5th April 2020,,Y,N
30,2020-04-29,"Role of Drugs Affecting the Renin-Angiotensin-Aldosterone System on Susceptibility and Severity of COVID-19: A Large Case-Control Study from Zheijang Province, China.",https://doi.org/10.1101/2020.04.24.20077875,medrxiv,AOR: 2.35,1.47,3.76,<0.01,Significant,Adjusted,Extracted,,,,,,,,,Retrospective observational study,610,"14 hospitals in Zhejiang province, China between Jan 10 and Feb 28, 2020 and confirmed diagnosis of Covid-19 infection were included",,N,N
31,2020-04-28,Association of Digestive Symptoms and Hospitalization in Patients with SARS-CoV-2 Infection,https://doi.org/10.1101/2020.04.23.20076935,medrxiv,OR 2.95,1.07,8.1,0.04,Significant,Not Adjusted,Calculated,,,,,,,,,Retrospective observational study,207,"Stanford University Hospital and Clinics from March 03, 2020 to April 7, 2020",,Y,N
32,2020-04-28,"Predictive factors for disease progression in hospitalized patients with Coronavirus Disease 2019 in Wuhan, China",https://doi.org/10.1016/j.jcv.2020.104392,Journal of Clinical Virology,OR 22.0,6.03,80.3,<0.01,,,,,,,,,,,,Retrospective observational study,111,"Union Hospital, Tongji Medical College, Huazhong University of Science and Technology from January 13 to February 16 in 2020",,Y,N
33,2020-04-28,"Clinical characteristics of 145 patients with corona virus disease 2019 (COVID-19) in Taizhou, Zhejiang, China",https://doi.org/10.1007/s15010-020-01432-5,Infection,OR 1.81,0.71,4.63,0.21,Not Significant,Not Adjusted,Calculated,,,,,,,,,Retrospective observational study,145,"Taizhou Public Health Medical Center, Zhejiang, China from Jan 1, 2020 to Mar 11, 2020",,N,N
34,2020-04-28,"Clinical determinants for fatality of 44,672 patients with COVID-19",https://www.ncbi.nlm.nih.gov/pmc/articles/PMC7187660/,Critical Care,,,,,,,,OR 3.05,2.56,3.62,<0.01,Significant,Not Adjusted,"Extracted RR, Calculated OR",,Case series,44672,"Chinese center for disease control and prevention (44,672 laboratory confirmed cases updated through February 11, 2020, [2])",,N,N
35,2020-04-27,Multicenter cohort study demonstrates more consolidation in upper lungs on initial CT increases the risk of adverse clinical outcome in COVID-19 patients,https://www.ncbi.nlm.nih.gov/pmc/articles/PMC7196305/,Theranostics,OR 2.79,1.52,5.12,<0.01,Significant,Not Adjusted,Calculated,,,,,,,,,Retrospective observational study,421,Jiangsu province between 10 January and 18 February 2020.,,Y,N
36,2020-04-27,Patients with arterial hypertension and COVID-19 are at higher risk of ICU admission,https://doi.org/10.1016/j.bja.2020.04.056,British Journal of Anaesthesia,OR 2.54,1.83,3.54,,Significant,Not Adjusted,Extracted,,,,,,,,,Systematic review and meta-analysis,1382 patients in 4 studies,"MEDLINE, Scopus, and Web of Science for all investigations in English published any time up to March 27, 2020",,Y,N
37,2020-04-27,Estimating Survival of Hospitalized COVID-19 Patients from Admission Information,http://doi.org/10.1101/2020.04.22.20075416,medrxiv,,,,,,,,OR 1.84,1.61,2.09,<0.01,Significant,Not Adjusted,Calculated,,Retrospective observational study,5233,"Northwell Health acute care hospitals on or after March 1, 2020, and were discharged or died before April 12, 2020. Clinical outcomes (i.e., discharges, mortality, and length of stay) were monitored until April 12, 2020, the final date of follow-up",,N,Y
38,2020-04-27,"Characterization of clinical progression of COVID-19 patients in Shenzhen, China",https://doi.org/10.1101/2020.04.22.20076190,medrxiv,OR 4.64,2.5,8.62,<0.01,Significant,Not Adjusted,Calculated,,,,,,,,,Retrospective observational study,420,Shenzhen between January 11th and March 10th 2020,,N,N
39,2020-04-26,ICU and ventilator mortality among critically ill adults with COVID-19,https://doi.org/10.1101/2020.04.23.20076737,MedRxiv,,,,,,,,OR 1.05,0.53,2.06,0.89,Not Significant,Not Adjusted,Calculated,,Retrospective observational study,217,"ICU of Emory Healthcare acute-care hospitals in Atlanta, Georgia from March 6, 2020 through April 17, 2030",,N,N
40,2020-04-25,The role of comorbidities and clinical predictors of severe disease in COVID-19: a systematic review and meta-analysis Emails,http://doi.org/10.1101/2020.04.21.20074633,,OR 2.35,1.83,3.02,,Significant,Not Adjusted,Extracted,,,,,,,,,Systematic review and meta-analysis,10 studies,"PubMed, Scopus, EMBASE, Web of Science, and Google Scholar searched through March 12 2022",,Y,N
41,2020-04-25,Association between rRT-PCR test results upon admission and outcome in hospitalized chest CT-Positive COVID-19 patients; a provincial retrospective cohort with active follow-up,doi.org/10.1101/2020.04.21.20074641,medrxiv,,,,,,,,OR 0.99,0.44,2.2,0.99,Not Significant,Adjusted,Extracted,,Retrospective observational study,1197,"Qazvin province hospitals Feb 20-March 11, 2020",,N,N
42,2020-04-24,"COVID-19 in Iran, a comprehensive investigation from exposure to treatment outcomes",https://doi.org/10.1101/2020.04.20.20072421,medrxiv,OR 3.04,0.98,9.46,0.06,Not Significant,Not Adjusted,Calculated,,,,,,,,,Retrospective observational study,100,"YAS hospital affiliated to Tehran University of Medical Sciences from Feb 22 to March 5, 2020",,Y,N
43,2020-04-23,Risk factors of critical & mortal COVID-19 cases: A systematic literature review and meta-analysis,https://doi.org/10.1016/j.jinf.2020.04.021,Journal of Infection,OR: 2.72,1.6,4.64,,Significant,Not Adjusted,Extracted,,,,,,,,,Systematic review and meta-analysis,3028 patients from 13 studies,China,,Y,N
44,2020-04-23,Impaired type I interferon activity and exacerbated inflammatory responses in severe Covid-19 patients,https://www.medrxiv.org/content/10.1101/2020.04.19.20068015v3,medrxiv,OR 2.86,0.82,9.99,0.1,Not Significant,Not Adjusted,Calculated,,,,,,,,,Retrospective observational study,50,PCR-confirmed COVID-19 cases without comorbidities or anti-inflammatory treatments,,Y,N
45,2020-04-23,"Venous and arterial thromboembolic complications in COVID-19 patients admitted to an academic hospital in Milan, Italy",doi.org/10.1016/j.thromres.2020.04.024,Thrombosis Research,OR 0.87,0.5,1.51,0.62,,,,,,,,,,,,Retrospective observational study,388,"Humanitas Clinical and Research Hospital,  since February 2021",,Y,N
46,2020-04-22,Impact of blood analysis and immune function on the prognosis of patients with COVID-19,http://doi.org/10.1101/2020.04.16.20067587,medRxiv,,,,,,,,OR 1.96,0.62,6.23,0.26,Not Significant,Not Adjusted,Calculated,,Retrospective observational study,85,COVID-19 pneumonia patients admitted to Third Batch of Chongqing Medical Aid Team from 4 February 2020 to 16 February 2020,,N,N
47,2020-04-21,Epidemiological Characteristics of Coronavirus Disease 2019 (COVID-19) Patients in IRAN: A single Center Study [Journal of Clinical Virology],https://doi.org/10.1016/j.jcv.2020.104378,Journal of Clinical Virology,,,,,,,,OR 1.82,0.85,3.87,0.12,Not Significant,Not Adjusted,Calculated,,Retrospective observational study,2968,"Baqiyatallah hospital from 19 February 2020, to 15 April 2020",,N,N
48,2020-04-20,"Epidemiology, clinical course, and outcomes of critically ill adults with COVID-19 in New York City: a prospective cohort study",http://doi.org/10.1101/2020.04.15.20067157,medRxiv,,,,,,,,HR 2.27,1.37,3.79,,Significant,Not Adjusted,Extracted,,Prospective observational study,257,"Columbia University Irving Medical Center (2 affiliated hospitals in Manhattan) from March 2nd to April 1st, 2020.",,N,N
49,2020-04-19,Comorbid Chronic Diseases and Acute Organ Injuries Are Strongly Correlated with Disease Severity and Mortality among COVID-19 Patients: A Systemic Review and Meta-Analysis,https://www.ncbi.nlm.nih.gov/pmc/articles/PMC7187729/,Research,OR 2.92,2.35,3.64,,Significant,Not Adjusted,Extracted,,,,,,,,,Systematic review and meta-analysis,"33 studies, 6208 patients","PubMed, Embase, Web of Science, medRxiv, and bioRxiv databases for articles published through April 6, 2020",,Y,N
50,2020-04-19,Early prediction of mortality risk among severe COVID-19 patients using machine learning,https://doi.org/10.1101/2020.04.13.20064329,medRxiv,,,,,,,,OR 1.32,0.72,2.43,0.37,Not Significant,Not Adjusted,Calculated,,Retrospective observational study,256,"Severe COVID-19 patients only from Sino-French New City Branch of Tongji Hospital from Jan 28 to March 11, 2020",,N,N
51,2020-04-17,Clinical Characteristics of Covid-19 in New York City,doi.org/10.1056/nejmc2010419,New England Journal of Medicine,OR 1.25,0.82,1.9,0.3,Not Significant,Not Adjusted,Calculated,,,,,,,,,Retrospective observational study,393,"2 hospitals in Manhattan from March 3 - March 27, 2020",,Y,N
52,2020-04-17,Association between ABO blood groups and clinical outcome of coronavirus disease 2019: Evidence from two cohorts,http://doi.org/10.1101/2020.04.15.20063107,medRxiv,OR 1.94,0.82,4.62,0.13,Not Significant,Not Adjusted,Calculated,OR 0.96,0.36,2.52,0.93,Not Significant,Not Adjusted,Calculated,,Retrospective observational study,234,"Patients with mild symptoms from Xi’an, Beijing, and Wuhan and patients who are critically ill from Xi'an and Wuhan (from a total of 5 hospitals), enrolled from February 5 to March 20, 2026",,Y,N
53,2020-04-17,The Characteristics of 50 Hospitalized COVID-19 Patients With and Without ARDS,https://www.ncbi.nlm.nih.gov/pmc/articles/PMC7171478/,Deutsches Arzeblatt International,OR 0.74,0.22,2.48,0.62,Not Significant,Not Adjusted,Calculated,,,,,,,,,Retrospective observational study,50,Aachen University Hospital during the period between February and March 2020,,Y,N
54,2020-04-16,Characteristics and outcomes of a cohort of SARS-CoV-2 patients in the Province of Reggio,https://doi.org/10.1101/2020.04.13.20063545,medRxiv,HR 1.4,1.2,1.6,,Significant,Not Adjusted,Extracted,HR 1.6,1.2,2.1,,Significant,Not Adjusted,Extracted,,Retrospective observational study,2653,"All symptomatic patients who tested positive in Reggio from February 27 to April 2, 2020.",,N,N
55,2020-04-16,Cardiovascular Diseases and COVID-19 Mortality and Intensive Care Unit Admission: A Systematic Review and Meta-analysis [medrxiv],https://doi.org/10.1101/2020.04.12.20062869,medRxiv,OR 2.69,1.55,4.67,,Significant,Not Adjusted,Extracted,OR 1.92,1.34,2.74,,Significant,Not Adjusted,Extracted,,Systematic review and meta-analysis,16 studies enrolling 3473 patients,"PubMed, Embase, Cochrane Library, Scopus, Web of Science as well as medRxiv pre-print database, Google Scholar and journal websites were searched",,Y,N
56,2020-04-16,Characteristics and outcomes of a cohort of SARS-CoV-2 patients in the Province of Reggio,http://doi.org/10.1101/2020.04.13.20063545,,,,,,,,,HR 1.6,1.2,2.1,,Significant,Adjusted,Extracted,,Retrospective observational study,2362,"All patients in Reggio Emilia, Italiy from Feb 27 to April 2, 2026",,N,N
57,2020-04-16,Cardiovascular Diseases and COVID-19 Mortality and Intensive Care Unit Admission: A Systematic Review and Meta-analysis,https://doi.org/10.1101/2020.04.12.20062869,MedRxiv,,,,,,,,OR=1.92,1.34,2.74,,Significant,Not Adjusted,Extracted,,Systematic review and meta-analysis,,"PubMed, Embase, Cochrane Library, Scopus, Web of Science as well as medRxiv pre-print database, journal websites and Google Scholar",,N,N
58,2020-04-14,"Covid-19 Testing, Hospital Admission, and Intensive Care Among 2,026,227 United States Veterans Aged 54-75 Years",https://doi.org/10.1101/2020.04.09.20059964,MedRxiv,AOR=1.51,0.7,3.28,,Not Significant,Adjusted,Extracted,,,,,,,,,Retrospective observational study,585,"Veterans Administration Healthcare System from February 8, 2020 to March 30, 2034",,Y,N
59,2020-04-14,"Covid-19 Testing, Hospital Admission, and Intensive Care Among 2,026,227 United States Veterans Aged 54-75 Years",https://doi.org/10.1101/2020.04.09.20059964,MedRxiv,AOR=1.89,0.93,3.87,,Not Significant,Adjusted,Extracted,,,,,,,,,Retrospective observational study,585,"Veterans Administration Healthcare System from February 8, 2020 to March 30, 2035",,Y,N
60,2020-04-14,"Covid-19 Testing, Hospital Admission, and Intensive Care Among 2,026,227 United States Veterans Aged 54-75 Years",https://doi.org/10.1101/2020.04.09.20059964,MedRxiv,OR=2.81,1.63,4.88,,Significant,Not Adjusted,Extracted,,,,,,,,,Retrospective observational study,585,"Veterans Administration Healthcare System from February 8, 2020 to March 30, 2033",,Y,N
61,2020-04-13,"Suppressed T cell-mediated immunity in patients with COVID-19: a clinical retrospective study in Wuhan, China First Authors",doi.org/10.1016/j.jinf.2020.04.012,Journal of Infection,OR 2.40,1.23,4.7,0.01,Significant,Not Adjusted,Calculated,OR 2.53,1.03,6.28,0.04,Significant,Not Adjusted,Calculated,,Retrospective observational study,187,"Hubei Provincial Hospital of traditional Chinese and Western Medicine from Dec 26, 2019 to Mar 1,2021",,Y,N
62,2020-04-12,The clinical course and its correlated immune status in COVID-19 pneumonia,http://doi.org/10.1016/j.jcv.2020.104361,Journal of Clinical Virology,OR: 7.56,3.37,16.9,<0.01,Significant,Not Adjusted,Calculated,,,,,,,,,Retrospective observational study,204,"Renmin Hospital of Wuhan University between January 10.2020 and February 13,2020",,N,N
63,2020-04-12,Risk factors for severity and mortality in adult COVID-19 inpatients in Wuhan Risk factors for severity and mortality in adult COVID-19 1 inpatients in Wuhan,http://doi.org/10.1016/j.jaci.2020.04.006,Journal of Allergy and Clinical Immunology,OR 2.01,1.27,3.17,<0.01,Significant,Not Adjusted,Extracted,,,,,,,,,Retrospective observational study,548,"Sino-French New City Branch of Tongji Hospital, Huazhong University of Science and 161 Technology in Wuhan from January 26, 2020 to February 5, 2023",,N,N
64,2020-04-11,"Factors associated with hospitalization and critical illness among 4,103 patients with",http://doi.org/10.1101/2020.04.08.20057794,medRxiv,OR 0.95,0.68,1.33,0.78,Not Significant,Not Adjusted,Extracted,,,,,,,,,Cross-sectional study,4103,"Single-center study in  New York City between March 1, 2020 and April 2, 2020, with follow up through April 7, 2026",,Y,N
65,2020-04-11,Key to successful treatment of COVID-19: accurate identification of severe risks and early intervention of disease progression,http://doi.org/10.1101/2020.04.06.20054890,medRxiv,OR 1.83,0.59,5.67,0.3,Not Significant,Not Adjusted,Calculated,,,,,,,,,Retrospective observational study,97,"Fifth Affiliated Hospital of Sun Yat-sen University from January 17, 2020 to March 10, 2020",,N,N
66,2020-04-11,Hypertension in patients hospitalized with COVID-19 in Wuhan China: A single-center retrospective observational study,https://doi.org/10.1101/2020.04.06.20054825,medRxiv,OR0.86,0.5,1.47,0.58,Not Significant,Not Adjusted,Calculated,,,,,,,,,Retrospective observational study,274,"Hankou Hospital Jan 3 - March 8, 2020",,N,N
67,2020-04-10,The Use of Adjuvant Therapy in Preventing Progression to Severe Pneumonia in Patients with Coronavirus Disease 2019: A Multicenter Data Analysis,http://doi.org/10.1101/2020.04.08.20057539,medRxiv,OR: 3.11,1.75,5.55,<0.01,Significant,Not Adjusted,Extracted,,,,,,,,,Retrospective observational study,564,"Third Xiangya Hospital of Central South University, Changsha Public Health Treatment Center, First Hospital of Yueyang, Junshan People’s Hospital of Yueyang, Central Hospital of Shaoyang, Central Hospital of Xiangtan, Second Hospital of Changde, Central Hospital of Loudi, and First Affiliated Hospital of University of South China from January 17, 2020 to February 28, 2020.",,N,N
68,2020-04-10,Neutrophil-to-lymphocyte ratio as an independent risk factor for mortality in hospitalized patients with COVID-19,https://doi.org/10.1016/j.jinf.2020.04.002,Journal of Infection,,,,,,,,OR 3.94,1.82,8.53,<0.05,Significant,Not Adjusted,Extracted,,Retrospective observational study,245,"Zhongnan Hospital of Wuhan University from January 1 to February 29, 2020",,N,N
69,2020-04-09,High prevalence of obesity in severe acute respiratory syndrome coronavirus-2 (SARS-CoV-2) requiring invasive mechanical ventilation,https://doi.org/10.1002/oby.22831,Obesity (Silver Spring),AOR=2.29,0.89,5.84,0.08,Not Significant,Adjusted,Extracted,,,,,,,,,Retrospective observational study,124,"Roger Salengro Hospital, at ""Centre Hospitalier Universitaire de  Lille”  (CHU  Lille,  France),  between  February  27th  and  April  5th,  2020",,Y,N
70,2020-04-09,High prevalence of obesity in severe acute respiratory syndrome coronavirus-2 (SARS-CoV-2) requiring invasive mechanical ventilation,https://doi.org/10.1002/oby.22831,Obesity (Silver Spring),OR=2.81,1.25,6.3,<0.05,Significant,Not Adjusted,Extracted,,,,,,,,,Retrospective observational study,124,"Roger Salengro Hospital, at ""Centre Hospitalier Universitaire de  Lille”  (CHU  Lille,  France),  between  February  27th  and  April  5th,  2020",,Y,N
71,2020-04-09,Predictors of mortality for patients with COVID-19 pneumonia caused by SARS-CoV-2: a prospective cohort study,https://doi.org/10.1183/13993003.00524-2020,Eur. respir. j,,,,,,,,OR 11.06,4.06,30.06,<0.01,Significant,Not Adjusted,Extracted,,Prospective observational study,179,"Wuhan Pulmonary Hospital from December 25, 2019 to February 7, 2020 (followed through March 24, 2020)",,N,N
72,2020-04-08,Does comorbidity increase the risk of patients with COVID-19: evidence from meta-analysis,https://www.ncbi.nlm.nih.gov/pmc/articles/PMC7185114/,Aging,OR 2.29,1.69,3.1,,Significant,Not Adjusted,Extracted,,,,,,,,,Systematic review and meta-analysis,1558,"PubMed (Medline), EMBASE, Springer, Web of Science, and Cochrane Library databases up to date to March 1, 2020",,N,N
73,2020-04-07,The relationship of COVID-19 severity with cardiovascular disease and its traditional risk factors: A systematic review and meta-analysis,https://doi.org/10.1101/2020.04.05.20054155,medRxiv,RR 2.87,2.09,3.93,,Significant,Not Adjusted,Extracted,,,,,,,,,Systematic review and meta-analysis,10 studies enrolling 24351 patients,"PubMed and Embase were searched for records published between December 1, 2019 and March 20, 2020.",,Y,N
74,2020-04-06,"Urinalysis, but not blood biochemistry, detects the early renal-impairment in patients with COVID-19",https://doi.org/10.1101/2020.04.03.20051722,medRxiv,OR 3.24,1.43,7.35,<0.01,Significant,Not Adjusted,Calculated,,,,,,,,,Retrospective observational study,178,"Tongji Medical College, Huazhong University of Science and Technology, from February 02 to February 29, 2020",,Y,N
75,2020-04-04,Angiotensin II Receptor Blockers and Angiotensin-Converting Enzyme Inhibitors Usage is Associated with Improved Inflammatory Status and Clinical Outcomes in COVID-19 Patients With Hypertension,https://doi.org/10.1101/2020.03.31.20038935,medRxiv,OR 1.77,0.86,3.62,0.12,Not Significant,Not Adjusted,Calculated,,,,,,,,,Retrospective observational study,251,"COVID-19 patients with preexisting hypertension at Hubei Provincial Hospital of Traditional Chinese Medicine (HPHTCM) in Wuhan from January 5 to February 22, 2020 and age- and sex-matched COVID-19 patients without hypertension were randomly selected as non-hypertension control",,Y,N
76,2020-04-04,Angiotensin II Receptor Blockers and Angiotensin-Converting Enzyme Inhibitors Usage is Associated with Improved Inflammatory Status and Clinical Outcomes in COVID-19 Patients With Hypertension,https://doi.org/10.1101/2020.03.31.20038935,medRxiv,OR 1.63,0.96,2.75,0.07,Not Significant,Not Adjusted,Calculated,OR 1.68,0.67,4.21,0.27,Not Significant,Not Adjusted,Calculated,,Retrospective observational study,251,"COVID-19 patients with preexisting hypertension at Hubei Provincial Hospital of Traditional Chinese Medicine (HPHTCM) in Wuhan from January 5 to February 22, 2020 and age- and sex-matched COVID-19 patients without hypertension were randomly selected as non-hypertension control",,N,N
77,2020-04-03,History of coronary heart disease increases the mortality rate of COVID-19 patients: a nested case-control study,https://doi.org/10.1101/2020.03.23.20041848,medRxiv,,,,,,,,HR 1.4,0.9,2.2,0.17,Not Significant,Not Adjusted,Extracted,,Retrospective observational study,275,"mainland China outside of Hubei Province, from December 18th, 2019 to March 8, 2022",,N,N
78,2020-04-02,"Clinical features of 95 sequential hospitalised patients with novel coronavirus 2019 disease (COVID-19), the first UK cohort",doi.org/10.1016/j.jinf.2020.04.020,Journal of Infection,,,,,,,,OR 2.60,0.95,7.1,0.06,Not Significant,Not Adjusted,Calculated,,Retrospective observational study,95,"North Bristol NHS Trust March 10 to March 30, 2020",,N,N
79,2020-04-01,"Clinical Features and Short-term Outcomes of 102 Patients with Corona Virus Disease 2019 in Wuhan, China",http://doi.org/10.1093/cid/ciaa243,Clinical Infectious Diseases,,,,,,,,OR 7.33,2.37,22.65,<0.01,Significant,Not Adjusted,Calculated,,Retrospective observational study,102,"Wuhan University Zhongnan Hospital in Wuhan, China, between January 3 and February 1, 2020",,N,N
80,2020-04-01,Risk factors for severe corona virus disease 2019 (COVID-19) patients : a systematic review and meta analysis,https://doi.org/10.1101/2020.03.30.20047415,medRxiv,OR 2.31,1.68,3.18,,Significant,Not Adjusted,Extracted,,,,,,,,,Systematic review and meta-analysis,10 studies enrolling 1083 patients,"China National Knowledge Infrastructure (CNKI), Wanfang, Weipu, Chinese Biomedicine Literature Database (CBM-SinoMed), MEDLINE (via PubMed), EMBASE, Cochrane Central Register and Web of science searched through  8 March 2021",,N,N
81,2020-03-30,"Suspected myocardial injury in patients with COVID-19: Evidence from front-line clinical observation in Wuhan, China",https://doi.org/10.1016/j.ijcard.2020.03.087,International Journal of Cardiology,OR 1.53,0.67,3.51,0.31,Not Significant,Not Adjusted,Calculated,,,,,,,,,Retrospective observational study,112,"Renmin Hospital of Wuhan Univeristy from  January 6 to February 20, 2020",,N,N
82,2020-03-30,"Risk Factors Associated with Clinical Outcomes in 323 COVID-19 Patients in Wuhan, China",https://doi.org/10.1101/2020.03.25.20037721,medRxiv,OR 1.33,0.58,3.04,0.5,Not Significant,Not Adjusted,Calculated,,,,,,,,,Retrospective observational study,323,"Tianyou Hospital from January 8 to February 20, 2021",,Y,N
83,2020-03-30,Clinical characteristics associated with COVID-19 severity in California,https://doi.org/10.1101/2020.03.27.20043661,medRxiv,-,-,-,0.05,Not Significant,Not Adjusted,Extracted,,,,,,,,,Retrospective observational study,54,"Stanford Hospital through March 16, 2020",,Y,N
84,2020-03-30,Development and external validation of a prognostic multivariable model on admission for hospitalized patients with COVID-19,https://doi.org/10.1101/2020.03.28.20045997,medRxiv,,,,,,,,OR 2.20,1.38,3.52,<0.01,Significant,Not Adjusted,Calculated,,Retrospective observational study,299,Tongji Hospital from Jan to Feb 2020,,N,Y
85,2020-03-30,"Effects of hypertension, diabetes and coronary heart disease on COVID-19 diseases severity: a systematic review and meta-analysis",https://doi.org/10.1101/2020.03.25.20043133,medRxiv,OR 2.30,1.76,3,<0.01,Significant,Not Adjusted,Extracted,,,,,,,,,Systematic review and meta-analysis,9 studies enrolling 1936 patients,"PubMed (1970-2020.03.06, English), Web of science (1950-2020.03.06, English), China National Knowledge Infrastructure Database (CNKI, 1979-2020.03.06, Chinese), WanFang Database (1970-2020.03.06, Chinese), and VIP Database (1970-2020.03.06, Chinese)",,N,N
86,2020-03-30,"Risk Factors Associated with Clinical Outcomes in 323 COVID-19 Patients in Wuhan, China",https://doi.org/10.1101/2020.03.25.20037721,medRxiv,OR 1.79 (95% CI: 1.11-2.88),1.11,2.88,,Significant,Not Adjusted,Calculated,,,,,,,,,Retrospective observational study,323,"Tianyou Hospital from January 8 to February 20, 2020",,N,N
87,2020-03-30,Coronavirus Disease 2019 in elderly patients: characteristics and prognostic factors based on 4-week follow-up,https://doi.org/10.1016/j.jinf.2020.03.019,Journal of Infection,,,,,,,,HR 1.49,0.92,2.44,0.12,Not Significant,Not Adjusted,Extracted,,Prospective observational study,339,"age over 60 years old admitted to Renmin Hospital of Wuhan University from Jan 1 to Feb 6, 2020 (followed up until March 5)",,N,N
88,2020-03-30,Prognostic factors for COVID-19 pneumonia progression to severe symptom based on the earlier clinical features: a retrospective analysis,http://doi.org/10.1101/2020.03.28.20045989,medRxiv,OR 8.41,2.96,23.89,<0.01,Significant,Not Adjusted,Calculated,,,,,,,,,Retrospective observational study,125,Only those with mild COVID-19 on admission w/length of stay >3 days and duration of infection > 7 days at Guangzhou Eighth People's Hospital from Jan 20-Feb 29.,,N,N
89,2020-03-30,Prognostic factors for COVID-19 pneumonia progression to severe symptom based on the earlier clinical features: a retrospective analysis,http://doi.org/10.1101/2020.03.28.20045989,,OR 8.41,2.96,23.89,<0.01,Significant,Not Adjusted,Calculated,,,,,,,,,Retrospective observational study,125,"Guangzhou Eighth People’s Hospital from January 20 to February 29, 2020.",,N,N
90,2020-03-27,Predicting COVID-19 malignant progression with AI techniques,http://doi.org/10.1101/2020.03.20.20037325,medrxiv,OR 4.22,1.73,10.29,<0.01,,,,,,,,,,,,Retrospective observational study,133,"Wuhan Pulmonary Hospital from January 3 to February 13, 2024",,N,N
91,2020-03-27,Radiographic Findings and other Predictors in Adults with Covid-19,https://doi.org/10.1101/2020.03.23.20041673,medRxiv,,,,,,,,OR 2.30,0.75,7.03,0.12,Not Significant,Not Adjusted,Extracted,,Retrospective observational study,102,"Tongji Hospital from January 31 to March 5, 2020",,N,N
92,2020-03-27,"Lactate dehydrogenase, a Risk Factor of Severe COVID-19 Patients: A Retrospective and Observational Study",http://doi.org/10.1101/2020.03.24.20040162,medRxiv,OR 1.34,0.41,4.36,0.63,Not Significant,Not Adjusted,Calculated,,,,,,,,,Retrospective observational study,47,"Renmin Hospital of Wuhan University from February 1 to February 18, 2020 (followed up for 14 days)",,N,N
93,2020-03-27,"Lactate dehydrogenase, a Risk Factor of Severe COVID-19 Patients: A Retrospective and Observational Study",http://doi.org/10.1101/2020.03.24.20040162,medRxiv,OR 1.34,0.41,4.36,0.63,Not Significant,Not Adjusted,Calculated,,,,,,,,,Retrospective observational study,47,"Renmin Hospital of Wuhan University from February 1 to February 18, 2020 (followed up for 14 days)",,N,N
94,2020-03-26,Metabolic disturbances and inflammatory dysfunction predict severity of coronavirus disease 2019 (COVID-19): a retrospective study,https://doi.org/10.1101/2020.03.24.20042283,medRxiv,OR 8.93,2.66,2.9.98,<.01,Significant,,Calculated,,,,,,,,,Prospective observational study,97,"Renmin Hospital of Wuhan University Feb 9-28, 2020 followed up through March 10",,N,N
95,2020-03-26,Acute kidney injury at early stage as a negative prognostic indicator of patients with COVID-19: a hospital-based retrospective analysis,https://doi.org/10.1101/2020.03.24.20042408,medRxiv,,,,,,,,,,,,,,,,Retrospective observational study,355,"Two hospitals: Union Hospital of Huazhong University of Science and Technology, in Wuhan city, Hubei Province, China from Jan 1,2020 to Jan 30, 2020. Second People’s Hospital of Fuyang City, in Anhui province, China from Jan 25, 2020 to Feb 20, 2020.",,N,N
96,2020-03-24,"Myocardial injury is associated with in-hospital mortality of confirmed or suspected COVID-19 in Wuhan, China: A single center retrospective cohort study",https://doi.org/10.1101/2020.03.21.20040121,medRxiv,,,,,,,Hypertension,OR 1.32,0.37,4.73,0.67,Not Significant,Not Adjusted,Calculated,,Retrospective observational study,110,Patients from Wuhan No.1 Hospital from Dec 25th to Feb 15th.,,N,N
97,2020-03-23,Prognostic value of C-reactive protein in patients with COVID-19,https://doi.org/10.1101/2020.03.21.20040360,medRxiv,,,,,,,,OR: 6.70,3.83,11.73,<<0.011,Significant,Not Adjusted,Calculated,,Retrospective observational study,298,"Eastern Campus of Renmin Hospital of Wuhan University from Jan 30 to Feb 20, 2021",,N,Y
98,2020-03-23,"Clinical Characteristics of Coronavirus Disease 2019 in Hainan, China [medrxiv]",https://doi.org/10.1101/2020.03.19.20038539,medRxiv,OR: 4.03,1.62,10.02,<0.01,Significant,Not Adjusted,Calculated,,,,,,,,,Retrospective observational study,168,Hainan province from 22 January 2020 to 14 March 2023,,N,N
99,2020-03-23,"Clinical Characteristics of Coronavirus Disease 2019 in Hainan, China",https://doi.org/10.1101/2020.03.19.20038539,medRxiv,OR 4.03,1.62,10.02,<0.01,Significant,Not Adjusted,Calculated,,,,,,,,,Retrospective observational study,168,Hainan province from 22 January 2020 to 14 March 2020,,N,N
